date,commit,line,branch,exgrid_line,exgrid_branch,exsheet_line,exsheet_branch,expivot_line,expivot_branch,data_line,data_branch
2026-09-24T22:27Z,7e8c617,92.8,85.8
2026-09-24T23:29Z,aecb1c2,92.8,85.8
2026-09-25T10:14Z,94294d8,92.8,85.8
2026-09-25T12:28Z,c9c80a6,92.8,85.8
2026-09-25T12:59Z,2feba53,92.8,85.8
2026-09-25T14:57Z,94c806b,92.8,85.8
2026-09-25T23:21Z,5465d77,92.9,86
2026-09-26T13:13Z,04bce7d,93.1,85.6
2026-09-26T15:11Z,cce3008,94.3,85.7
2026-09-26T23:00Z,789b208,94.3,85.7
2026-09-27T11:42Z,9728d21,94.2,86.1
2026-09-27T13:14Z,b894b69,94.2,86.1
2026-09-29T07:32Z,12b867f,94.2,86.1
2026-10-03T02:05Z,a136351,95.4,87.9
2026-10-03T02:45Z,054f545,95.4,87.9
2026-10-03T09:12Z,ef30bc7,95.4,87.9
2026-10-03T10:03Z,7f0a18b,94.8,88.2,95.4,87.9,95.4,89.9,93.6,85,94.5,90.3
2026-10-03T10:51Z,252270d,94.8,88.2,95.4,87.9,95.4,89.9,93.6,85,94.5,90.3
2026-10-03T17:05Z,611011a,94.7,87.7,95.4,88,95.1,88.2,93.6,85,94.5,90.3
2026-10-03T18:18Z,c3ddb7d,94.7,87.8,95.4,88,95.2,88.4,93.6,85,94.5,90.3
2026-10-03T21:02Z,92bdfae,94.8,87.8,95.4,88,95.3,88.4,93.6,85,94.5,90.3
2026-10-05T00:45Z,209fc24,94.8,87.8,95.4,88,95.3,88.4,93.6,85,94.5,90.3
2026-10-05T01:02Z,60d522e,94.8,87.8,95.4,88,95.3,88.4,93.6,85,94.5,90.3
2026-10-06T08:33Z,a8be612,94.8,87.9,95.4,88,95.3,88.4,93.6,85.4,94.5,90.3
2026-10-06T10:48Z,e301d53,94.7,87.8,95.4,88,95.3,88.3,93.5,85.2,94.5,90.3
2026-10-06T11:10Z,6b0bc7b,94.7,87.7,95.2,87.7,95.1,88.2,93.5,85.2,94.4,90.2
2026-10-07T18:40Z,3907e05,94.7,87.7,95.2,87.7,95.1,88.2,93.5,85.2,94.4,90.2
2026-10-08T01:28Z,4a17e3a,94.7,87.7,95.2,87.7,95.1,88.2,93.5,85.2,94.4,90.2
2026-10-10T18:15Z,554b3c2,94.9,87.7,95.6,88.6,95.3,88.4,93.9,84.6,94.5,90.3
